{
    "arrow-1": 61697,
    "arrow-10": 61698,
    "arrow-11": 61699,
    "arrow-12": 61700,
    "arrow-13": 61701,
    "arrow-15": 61702,
    "arrow-16": 61703,
    "arrow-17": 61704,
    "arrow-18": 61705,
    "arrow-19": 61706,
    "arrow-2": 61707,
    "arrow-20": 61708,
    "arrow-21": 61709,
    "arrow-22": 61710,
    "arrow-23": 61711,
    "arrow-24": 61712,
    "arrow-25": 61713,
    "arrow-26": 61714,
    "arrow-27": 61715,
    "arrow-28": 61716,
    "arrow-29": 61717,
    "arrow-3": 61718,
    "arrow-5": 61719,
    "arrow-7": 61720,
    "arrow-9": 61721,
    "box-1": 61722,
    "box-2": 61723,
    "box-3": 61724,
    "box-4": 61725,
    "box-5": 61726,
    "box-6": 61727,
    "box-7": 61728,
    "box-8": 61729,
    "calendar-1": 61730,
    "calendar-2": 61731,
    "calendar-3": 61732,
    "calendar-4": 61733,
    "calendar-5": 61734,
    "calendar-6": 61735,
    "calendar-7": 61736,
    "calendar-8": 61737,
    "calendar-9": 61738,
    "cancel-1": 61739,
    "cancel-2": 61740,
    "chart-1": 61741,
    "chart-10": 61742,
    "chart-11": 61743,
    "chart-12": 61744,
    "chart-13": 61745,
    "chart-14": 61746,
    "chart-15": 61747,
    "chart-16": 61748,
    "chart-2": 61749,
    "chart-3": 61750,
    "chart-4": 61751,
    "chart-5": 61752,
    "chart-6": 61753,
    "chart-7": 61754,
    "chart-8": 61755,
    "chart-9": 61756,
    "clock-1": 61757,
    "clock-2": 61758,
    "clock-3": 61759,
    "clock-4": 61760,
    "clock-5": 61761,
    "cloud-1": 61762,
    "cloud-2": 61763,
    "cloud-3": 61764,
    "cloud-4": 61765,
    "cloud-5": 61766,
    "cloud-6": 61767,
    "cloud-7": 61768,
    "config-1": 61769,
    "config-2": 61770,
    "config-3": 61771,
    "config-4": 61772,
    "config-5": 61773,
    "config-6": 61774,
    "config-7": 61775,
    "config-8": 61776,
    "config-9": 61777,
    "edit-1": 61778,
    "edit-2": 61779,
    "face-1": 61780,
    "face-10": 61781,
    "face-2": 61782,
    "face-3": 61783,
    "face-4": 61784,
    "face-5": 61785,
    "face-6": 61786,
    "face-7": 61787,
    "face-8": 61788,
    "face-9": 61789,
    "file-1": 61790,
    "file-10": 61791,
    "file-11": 61792,
    "file-12": 61793,
    "file-13": 61794,
    "file-14": 61795,
    "file-15": 61796,
    "file-16": 61797,
    "file-17": 61798,
    "file-18": 61799,
    "file-19": 61800,
    "file-2": 61801,
    "file-20": 61802,
    "file-21": 61803,
    "file-22": 61804,
    "file-23": 61805,
    "file-24": 61806,
    "file-25": 61807,
    "file-26": 61808,
    "file-27": 61809,
    "file-28": 61810,
    "file-29": 61811,
    "file-3": 61812,
    "file-30": 61813,
    "file-4": 61814,
    "file-5": 61815,
    "file-6": 61816,
    "file-7": 61817,
    "file-8": 61818,
    "file-9": 61819,
    "house-1": 61820,
    "kit-1": 61821,
    "kit-10": 61822,
    "kit-11": 61823,
    "kit-12": 61824,
    "kit-13": 61825,
    "kit-14": 61826,
    "kit-15": 61827,
    "kit-16": 61828,
    "kit-17": 61829,
    "kit-18": 61830,
    "kit-19": 61831,
    "kit-2": 61832,
    "kit-20": 61833,
    "kit-21": 61834,
    "kit-22": 61835,
    "kit-23": 61836,
    "kit-24": 61837,
    "kit-25": 61838,
    "kit-26": 61839,
    "kit-27": 61840,
    "kit-28": 61841,
    "kit-29": 61842,
    "kit-3": 61843,
    "kit-30": 61844,
    "kit-31": 61845,
    "kit-32": 61846,
    "kit-33": 61847,
    "kit-34": 61848,
    "kit-35": 61849,
    "kit-36": 61850,
    "kit-37": 61851,
    "kit-38": 61852,
    "kit-39": 61853,
    "kit-4": 61854,
    "kit-40": 61855,
    "kit-41": 61856,
    "kit-42": 61857,
    "kit-43": 61858,
    "kit-44": 61859,
    "kit-45": 61860,
    "kit-46": 61861,
    "kit-47": 61862,
    "kit-48": 61863,
    "kit-49": 61864,
    "kit-5": 61865,
    "kit-50": 61866,
    "kit-51": 61867,
    "kit-52": 61868,
    "kit-53": 61869,
    "kit-54": 61870,
    "kit-55": 61871,
    "kit-56": 61872,
    "kit-57": 61873,
    "kit-58": 61874,
    "kit-59": 61875,
    "kit-6": 61876,
    "kit-60": 61877,
    "kit-61": 61878,
    "kit-62": 61879,
    "kit-63": 61880,
    "kit-64": 61881,
    "kit-65": 61882,
    "kit-66": 61883,
    "kit-67": 61884,
    "kit-68": 61885,
    "kit-69": 61886,
    "kit-7": 61887,
    "kit-70": 61888,
    "kit-71": 61889,
    "kit-72": 61890,
    "kit-73": 61891,
    "kit-74": 61892,
    "kit-75": 61893,
    "kit-76": 61894,
    "kit-8": 61895,
    "kit-9": 61896,
    "mail-1": 61897,
    "map-1": 61898,
    "map-2": 61899,
    "map-3": 61900,
    "map-4": 61901,
    "minus-1": 61902,
    "minus-2": 61903,
    "minus-3": 61904,
    "minus-4": 61905,
    "minus-5": 61906,
    "money-1": 61907,
    "money-10": 61908,
    "money-11": 61909,
    "money-2": 61910,
    "money-3": 61911,
    "money-4": 61912,
    "money-5": 61913,
    "money-6": 61914,
    "money-7": 61915,
    "money-8": 61916,
    "money-9": 61917,
    "plus-1": 61918,
    "plus-2": 61919,
    "print-1": 61920,
    "search-1": 61921,
    "search-2": 61922,
    "search-3": 61923,
    "search-4": 61924,
    "search-5": 61925,
    "search-6": 61926,
    "social-1": 61927,
    "social-2": 61928,
    "social-3": 61929,
    "social-4": 61930,
    "social-5": 61931,
    "social-6": 61932,
    "social-7": 61933,
    "social-8": 61934,
    "star-1": 61935,
    "star-2": 61936,
    "star-3": 61937,
    "star-4": 61938,
    "star-5": 61939,
    "success-1": 61940,
    "success-2": 61941,
    "success-3": 61942,
    "trash-1": 61943,
    "trash-2": 61944,
    "trash-3": 61945,
    "truck-1": 61946,
    "truck-2": 61947,
    "truck-3": 61948,
    "truck-4": 61949,
    "truck-5": 61950,
    "user-1": 61951,
    "user-10": 61952,
    "user-11": 61953,
    "user-12": 61954,
    "user-13": 61955,
    "user-14": 61956,
    "user-15": 61957,
    "user-16": 61958,
    "user-17": 61959,
    "user-18": 61960,
    "user-2": 61961,
    "user-3": 61962,
    "user-4": 61963,
    "user-5": 61964,
    "user-6": 61965,
    "user-7": 61966,
    "user-8": 61967,
    "user-9": 61968
}